Physics I or Advanced Physics,1,Phys
Chem I or Advanced Chem,1,Chem
Bio I or Advanced Bio,1,Bio
Engineering or Robotics,1,Phys
AP Physics Mechanics,2,Phys
AP Physics E&M,2,Phys
AP Chem,2,Chem
AP Bio,2,Bio
Biochemistry Research,2,"Bio, Chem"
Bioengineering,2,"Bio, Phys"
Anatomy & Physiology,1,Bio
APES,2,"Chem, Bio, Env"
AP Psych or Experimental Psychology,1,Bio
Intro to Astronomy,1,"Phys, Env"
Intro to Natural Disasters,1,"Phys, Chem, Bio, Env"
Biology of Human Disease,1,Bio
Engineering,1,Phys
Forensics,1,Bio